"﻿role",message,reply
日付に関する情報を読み取り回答せよ。回答形式は「1月1日9時0分」の場合は「1-1 9:00」である。,(７月２１日（水) １８時５４分),7-21 18:54
日付に関する情報を読み取り回答せよ。回答形式は「1月1日9時0分」の場合は「1-1 9:00」である。,(８月１８日（水) １６時５９分),8-18 16:59
日付に関する情報を読み取り回答せよ。回答形式は「1月1日9時0分」の場合は「1-1 9:00」である。,(８月２４日（火) １１時１８分),8-24 11:18
日付に関する情報を読み取り回答せよ。回答形式は「1月1日9時0分」の場合は「1-1 9:00」である。,(８月２７日（金) １４時１１分),8-27 14:11
日付に関する情報を読み取り回答せよ。回答形式は「1月1日9時0分」の場合は「1-1 9:00」である。,(９月３日（金) １４時),9-3 14:00
日付に関する情報を読み取り回答せよ。回答形式は「1月1日9時0分」の場合は「1-1 9:00」である。,(１０月８日（金) １３時２０分),10-8 13:20
日付に関する情報を読み取り回答せよ。回答形式は「1月1日9時0分」の場合は「1-1 9:00」である。,(７月２２日（木) １７時２４分),7-22 17:24
日付に関する情報を読み取り回答せよ。回答形式は「1月1日9時0分」の場合は「1-1 9:00」である。,(８月１９日（木) １５時２８分),8-19 15:28
日付に関する情報を読み取り回答せよ。回答形式は「1月1日9時0分」の場合は「1-1 9:00」である。,(８月２５日（水) ９時４９分),8-25 9:49
日付に関する情報を読み取り回答せよ。回答形式は「1月1日9時0分」の場合は「1-1 9:00」である。,(８月２８日（土) １２時３８分),8-28 12:38
日付に関する情報を読み取り回答せよ。回答形式は「1月1日9時0分」の場合は「1-1 9:00」である。,(９月４日（土) １２時２６分),9-4 12:26
日付に関する情報を読み取り回答せよ。回答形式は「1月1日9時0分」の場合は「1-1 9:00」である。,(１０月９日（土) １１時４３分),10-9 11:43
日付に関する情報を読み取り回答せよ。回答形式は「1月1日9時0分」の場合は「1-1 9:00」である。,(７月２２日（木) １７時４１分),7-22 17:41
日付に関する情報を読み取り回答せよ。回答形式は「1月1日9時0分」の場合は「1-1 9:00」である。,(８月１９日（木) １５時４５分),8-19 15:45
日付に関する情報を読み取り回答せよ。回答形式は「1月1日9時0分」の場合は「1-1 9:00」である。,(８月２５日（水) １０時６分),8-25 10:06
日付に関する情報を読み取り回答せよ。回答形式は「1月1日9時0分」の場合は「1-1 9:00」である。,(８月２８日（土) １２時５４分),8-28 12:54
日付に関する情報を読み取り回答せよ。回答形式は「1月1日9時0分」の場合は「1-1 9:00」である。,(９月４日（土) １２時４３分),9-4 12:43
日付に関する情報を読み取り回答せよ。回答形式は「1月1日9時0分」の場合は「1-1 9:00」である。,(１０月９日（土) １２時),10-9 12:00
日付に関する情報を読み取り回答せよ。回答形式は「1月1日9時0分」の場合は「1-1 9:00」である。,(７月２３日（金) １３時５２分),7-23 13:52
日付に関する情報を読み取り回答せよ。回答形式は「1月1日9時0分」の場合は「1-1 9:00」である。,(８月２０日（金) １０時２６分),8-20 10:26
日付に関する情報を読み取り回答せよ。回答形式は「1月1日9時0分」の場合は「1-1 9:00」である。,(８月２６日（木) ７時４７分),8-26 7:47
日付に関する情報を読み取り回答せよ。回答形式は「1月1日9時0分」の場合は「1-1 9:00」である。,(８月２９日（日) ９時３９分),8-29 9:39
日付に関する情報を読み取り回答せよ。回答形式は「1月1日9時0分」の場合は「1-1 9:00」である。,(９月５日（日) ７時５１分),9-5 7:51
日付に関する情報を読み取り回答せよ。回答形式は「1月1日9時0分」の場合は「1-1 9:00」である。,(１０月１０日（日) ６時３７分),10-10 6:37