"﻿role",message
日付に関する情報を読み取り回答せよ。回答形式は「1月1日9時0分」の場合は「1-1 9:00」である。,(７月２１日（水) １８時５４分)
日付に関する情報を読み取り回答せよ。回答形式は「1月1日9時0分」の場合は「1-1 9:00」である。,(８月１８日（水) １６時５９分)
日付に関する情報を読み取り回答せよ。回答形式は「1月1日9時0分」の場合は「1-1 9:00」である。,(８月２４日（火) １１時１８分)
日付に関する情報を読み取り回答せよ。回答形式は「1月1日9時0分」の場合は「1-1 9:00」である。,(８月２７日（金) １４時１１分)
日付に関する情報を読み取り回答せよ。回答形式は「1月1日9時0分」の場合は「1-1 9:00」である。,(９月３日（金) １４時)
日付に関する情報を読み取り回答せよ。回答形式は「1月1日9時0分」の場合は「1-1 9:00」である。,(１０月８日（金) １３時２０分)
日付に関する情報を読み取り回答せよ。回答形式は「1月1日9時0分」の場合は「1-1 9:00」である。,(７月２２日（木) １７時２４分)
日付に関する情報を読み取り回答せよ。回答形式は「1月1日9時0分」の場合は「1-1 9:00」である。,(８月１９日（木) １５時２８分)
日付に関する情報を読み取り回答せよ。回答形式は「1月1日9時0分」の場合は「1-1 9:00」である。,(８月２５日（水) ９時４９分)
日付に関する情報を読み取り回答せよ。回答形式は「1月1日9時0分」の場合は「1-1 9:00」である。,(８月２８日（土) １２時３８分)
日付に関する情報を読み取り回答せよ。回答形式は「1月1日9時0分」の場合は「1-1 9:00」である。,(９月４日（土) １２時２６分)
日付に関する情報を読み取り回答せよ。回答形式は「1月1日9時0分」の場合は「1-1 9:00」である。,(１０月９日（土) １１時４３分)
日付に関する情報を読み取り回答せよ。回答形式は「1月1日9時0分」の場合は「1-1 9:00」である。,(７月２２日（木) １７時４１分)
日付に関する情報を読み取り回答せよ。回答形式は「1月1日9時0分」の場合は「1-1 9:00」である。,(８月１９日（木) １５時４５分)
日付に関する情報を読み取り回答せよ。回答形式は「1月1日9時0分」の場合は「1-1 9:00」である。,(８月２５日（水) １０時６分)
日付に関する情報を読み取り回答せよ。回答形式は「1月1日9時0分」の場合は「1-1 9:00」である。,(８月２８日（土) １２時５４分)
日付に関する情報を読み取り回答せよ。回答形式は「1月1日9時0分」の場合は「1-1 9:00」である。,(９月４日（土) １２時４３分)
日付に関する情報を読み取り回答せよ。回答形式は「1月1日9時0分」の場合は「1-1 9:00」である。,(１０月９日（土) １２時)
日付に関する情報を読み取り回答せよ。回答形式は「1月1日9時0分」の場合は「1-1 9:00」である。,(７月２３日（金) １３時５２分)
日付に関する情報を読み取り回答せよ。回答形式は「1月1日9時0分」の場合は「1-1 9:00」である。,(８月２０日（金) １０時２６分)
日付に関する情報を読み取り回答せよ。回答形式は「1月1日9時0分」の場合は「1-1 9:00」である。,(８月２６日（木) ７時４７分)
日付に関する情報を読み取り回答せよ。回答形式は「1月1日9時0分」の場合は「1-1 9:00」である。,(８月２９日（日) ９時３９分)
日付に関する情報を読み取り回答せよ。回答形式は「1月1日9時0分」の場合は「1-1 9:00」である。,(９月５日（日) ７時５１分)
日付に関する情報を読み取り回答せよ。回答形式は「1月1日9時0分」の場合は「1-1 9:00」である。,(１０月１０日（日) ６時３７分)